"F_TAZ","PM_VEH","CGST_TIME","CGST_DIST","FREE_TIME","FREE_DIST","MPH","PMT","PHT","LENGTH","TRIP_DENSITY","RFP_bound","CNTY_NM","RFP_zone"
286,0.82,681.03,452.06,541.59,441.97,40.6255594835303,8.9253,0.219696666666667,10.8845121951219,0.0918736625099437,0,"NewCa S","NCC (Outside Study Area)"
285,3.68,4005.67,2844.78,3277.84,2794.45,42.5089635224982,67.1648,1.580015,18.2513043478261,0.0547906046024108,0,"NewCa S","NCC (Outside Study Area)"
187,5.43,4368.32,2986.91,3467.69,2881.51,38.277597536761,90.3158,2.359495,16.632744014733,0.0601223706151083,0,"NewCa E","NCC (Outside Study Area)"
295,5.68,3235.96,2225.44,2591.57,2219.65,39.9485613706017,69.7151,1.74512166666667,12.2737852112676,0.081474458187681,0,"NewCa S","NCC (Outside Study Area)"
287,6.2,5219.54,3756.6,4362.19,3691.26,43.0833572801154,118.1928,2.74335166666667,19.0633548387097,0.052456664026912,0,"NewCa S","NCC (Outside Study Area)"
299,16.85,9538.02,6581.39,7857.02,6496.55,37.914552784265,321.1786,8.47111666666667,19.0610445103858,0.0524630221316115,0,"NewCa S","NCC (Outside Study Area)"
343,17.66,11476.05,6883.02,8309.57,6765.16,29.98559296232,270.6751,9.02683833333333,15.3270158550396,0.0652442725614584,0,"NewCa W","NCC (Outside Study Area)"
91,17.84,4109.59,2125,2896.57,2106.04,30.1691595429197,144.4257,4.78719666666667,8.09561098654709,0.123523721886063,0,"NewCa E","NCC (Outside Study Area)"
268,18.66,7735.91,5269.89,6404.57,5228.5,37.7989170797791,443.6377,11.7367833333333,23.7747963558414,0.0420613487086422,0,"NewCa S","NCC (Outside Study Area)"
294,23.46,9321.65,6445.36,7725.45,6424.13,37.2276721962163,359.534,9.65770833333333,15.3254049445865,0.0652511306302047,0,"NewCa S","NCC (Outside Study Area)"
306,25.6,14430.32,10355.47,12078.18,10323.21,39.4624311349965,623.659,15.8038666666667,24.3616796875,0.0410480727448814,0,"NewCa S","NCC (Outside Study Area)"
195,27.65,9927.33,7109.48,8319.77,7053.31,42.4298203770774,507.3055,11.9563433333333,18.3473960216998,0.0545036472106058,0,"NewCa S","NCC (Outside Study Area)"
201,32.7,17397.97,12424.78,14886.27,12322.69,39.992906585966,783.3108,19.5862433333333,23.9544587155963,0.0417458817113207,0,"NewCa S","NCC (Outside Study Area)"
215,33.62,12092.56,8061.48,9929.61,8066.99,37.8588729944918,754.5905,19.9316683333333,22.4446906603212,0.0445539666878923,0,"NewCa S","NCC (Outside Study Area)"
311,36.75,14273.99,9689.31,11457.4,9668.42,38.0407799701194,811.7238,21.3382533333333,22.0877224489796,0.0452740205473832,0,"NewCa S","NCC (Outside Study Area)"
290,37.09,12124.1,8438.74,10086.53,8314.05,37.7908083751947,658.4758,17.4242316666667,17.7534591534106,0.0563270510472822,0,"NewCa S","NCC (Outside Study Area)"
292,43.23,15689.86,11334.01,13024.45,11188.32,39.6732046677866,1041.8007,26.259555,24.0990215128383,0.0414954606960813,0,"NewCa S","NCC (Outside Study Area)"
283,43.48,11748.19,8369.86,9691.27,8258.84,41.4386585572479,883.7247,21.3260933333333,20.3248551057958,0.0492008427511418,0,"NewCa S","NCC (Outside Study Area)"
301,44.35,15180.44,10771.27,12521.29,10720.23,39.1584073760143,880.8501,22.4945333333333,19.8613325817362,0.0503490889085441,0,"NewCa S","NCC (Outside Study Area)"
298,45.45,13313.42,9565.27,10989.86,9516.21,38.7843341662315,663.8432,17.1162716666667,14.6060110011001,0.068464962810495,0,"NewCa S","NCC (Outside Study Area)"
129,48.66,13111.05,8271.4,9348.48,8233.65,35.0998500098233,591.3542,16.84777,12.1527784628031,0.0822857096474499,0,"NewCa E","NCC (Outside Study Area)"
273,50.36,15343.11,10926.76,12782.44,10882.8,40.837917429672,1047.5162,25.6505783333333,20.8005599682288,0.0480756288065044,0,"NewCa S","NCC (Outside Study Area)"
177,54.48,20510.77,12078.53,14453.38,11835.47,27.9510021542161,938.6131,33.58066,17.2285811306902,0.0580430850581566,0,"NewCa W","NCC (Outside Study Area)"
337,57.23,18379.66,12923.45,15142.67,12803.28,38.2768180153429,1514.3691,39.56361,26.4611060632535,0.0377913152084257,0,"NewCa S","NCC (Outside Study Area)"
214,58.59,9301.72,6317.51,7519.31,6133.62,35.7235849857665,715.9088,20.0402283333333,12.2189588667008,0.0818400332556326,0,"NewCa S","NCC (Outside Study Area)"
289,59.16,19426.64,13665.65,16270.88,13500.67,38.5016900061555,1401.0919,36.3904,23.6830949966193,0.0422242109885868,0,"NewCa S","NCC (Outside Study Area)"
330,59.17,10820.04,7147.38,7981.55,7075.85,37.0929350705039,866.7644,23.3673716666667,14.6487138752746,0.068265378688834,0,"NewCa E","NCC (Outside Study Area)"
347,60.71,11081.87,7208.21,8514.6,7047.89,38.1126538727005,1198.5231,31.446855,19.741774007577,0.0506540090883522,0,"NewCa W","NCC (Outside Study Area)"
203,65.6,20240.91,13107.26,15702.02,13063.6,34.9954399061063,1332.1272,38.0657366666667,20.3068170731707,0.0492445466168696,0,"NewCa W","NCC (Outside Study Area)"
205,68.45,14828.98,9291.71,11368.17,9124.79,35.4763129850341,1177.2873,33.185165,17.1992300949598,0.0581421374374802,0,"NewCa W","NCC (Outside Study Area)"
305,70.45,18147.67,12819.02,14805.43,12820.58,39.1663196499614,1179.2909,30.1098216666667,16.7394024130589,0.0597392890931322,0,"NewCa S","NCC (Outside Study Area)"
288,70.67,15802.62,11527.97,13121.9,11402.23,42.6430090832167,1306.2543,30.63232,18.4838587802462,0.0541012573126075,0,"NewCa S","NCC (Outside Study Area)"
196,70.99,22948.16,16516.45,19766.79,16354.22,38.3925664966507,1868.8523,48.6774516666667,26.3255712072123,0.0379858804251144,0,"NewCa S","NCC (Outside Study Area)"
198,72.1,14624.72,10275.31,11979.95,10205.69,37.7282276892883,1069.3382,28.3431866666667,14.8313203883495,0.0674248801735503,0,"NewCa S","NCC (Outside Study Area)"
3,73.49,13519.91,7766.86,8805.55,7731.99,31.9688274316201,710.2573,22.2171833333333,9.66467954823786,0.103469545473169,0,"NewCa E","NCC (Outside Study Area)"
317,73.8,21191.99,12753.89,15237.64,12541.7,30.6354525962626,1408.3862,45.97243,19.0838238482385,0.0524003998335116,0,"NewCa W","NCC (Outside Study Area)"
293,75.17,18540.25,13210.38,15491.62,13027.53,39.3246124924007,1799.2983,45.7550166666667,23.9363881867766,0.0417773973331715,0,"NewCa S","NCC (Outside Study Area)"
217,75.74,15621.46,10494.85,12371.61,10525.57,37.261635519489,1205.8159,32.3607883333333,15.9204634275152,0.0628122419019354,0,"NewCa S","NCC (Outside Study Area)"
349,75.75,16250.72,12074.32,13139.64,12009.69,42.2646067340633,1280.5227,30.297755,16.9045900990099,0.0591555307844211,0,"NewCa S","NCC (Outside Study Area)"
322,78.87,22189.79,16283.76,19242.44,16003.91,38.2843796161066,2113.0669,55.19397,26.7917700012679,0.0373248949193232,0,"NewCa S","NCC (Outside Study Area)"
262,83.01,19788.15,12726.14,15207.74,12626.37,35.7679319366828,1672.2769,46.753525,20.1454872906879,0.0496389084845937,0,"NewCa W","NCC (Outside Study Area)"
272,83.66,17753.51,12965.75,14645.86,12987.38,42.773446497707,1880.1715,43.9565116666667,22.4739600765001,0.0444959409287929,0,"NewCa S","NCC (Outside Study Area)"
297,85.7,19549.71,13613.21,15980.8,13350.88,38.1192197002995,1639.5814,43.011935,19.1316382730455,0.0522694390165685,0,"NewCa S","NCC (Outside Study Area)"
186,88.31,17045.53,11352.39,13657.84,11113.1,37.938106897607,2004.3871,52.8330816666667,22.6971701959008,0.0440583557936488,0,"NewCa W","NCC (Outside Study Area)"
185,88.58,17060.16,11396.72,13242.66,11260.44,37.6799759554026,1810.2989,48.0440566666667,20.4368807857304,0.0489311461217813,0,"NewCa W","NCC (Outside Study Area)"
282,89.47,12464.24,8398.07,9765.11,8296.03,36.9898677054754,1249.0958,33.7685933333333,13.9610573376551,0.0716278126945908,0,"NewCa S","NCC (Outside Study Area)"
284,94.26,17426.43,12385.22,14161.58,12216.86,42.4401422515859,2102.0838,49.530555,22.3009102482495,0.0448412189847046,0,"NewCa S","NCC (Outside Study Area)"
252,95.26,23191.56,15268.54,17877.49,15152.46,36.1923597109904,2003.5124,55.35733,21.0320428301491,0.0475464988387394,0,"NewCa W","NCC (Outside Study Area)"
216,96.49,16729.12,11586.33,13547.08,11525.02,38.2312935247733,1514.0253,39.6017283333333,15.6910073582755,0.0637307712097017,0,"NewCa S","NCC (Outside Study Area)"
342,99.96,16477.72,10126.78,11494.26,9967.27,33.0810907591743,1273.0267,38.482005,12.7353611444578,0.0785215266891103,0,"NewCa E","NCC (Outside Study Area)"
269,102.75,17633.42,12699.12,14485.55,12652.55,39.2438434223236,1764.0676,44.9514483333333,17.1685411192214,0.0582460672142043,0,"NewCa S","NCC (Outside Study Area)"
220,103.22,23454.32,15326.1,17637.19,15272.78,34.3360238045768,2411.6371,70.2363533333333,23.3640486339857,0.0428008011653163,0,"NewCa W","NCC (Outside Study Area)"
213,104.17,17863.86,12688.92,14966.49,12405.26,37.2422761240282,2175.7456,58.4213916666667,20.8864893923394,0.0478778401298387,0,"NewCa S","NCC (Outside Study Area)"
276,104.35,20982.99,13985.67,17127.44,13851.39,35.9263770810672,2404.5417,66.9297016666667,23.0430445615716,0.0433970431870655,0,"NewCa S","NCC (Outside Study Area)"
250,105.04,19842.96,12936.55,14788.01,12829.01,32.727317484923,2319.9353,70.886815,22.0862081111957,0.0452771247542981,0,"NewCa W","NCC (Outside Study Area)"
199,105.14,23272.62,17018.59,19549.28,17036.35,42.6002760503662,2511.4145,58.95301,23.8863848202397,0.0418648534521084,0,"NewCa S","NCC (Outside Study Area)"
254,105.47,14338.82,9169.6,10689.02,8931.37,35.4396621448923,1934.0172,54.5721116666667,18.3371309377074,0.0545341582277552,0,"NewCa W","NCC (Outside Study Area)"
249,105.75,11893.24,7073.46,8260.89,6896.59,30.4378585193958,1393.1801,45.7712916666667,13.1742799054374,0.0759054769731494,0,"NewCa W","NCC (Outside Study Area)"
300,106.2,21547.41,14873.65,17505.97,14627.32,38.0050287701749,2084.0112,54.8351433333333,19.6234576271186,0.0509594190280743,0,"NewCa S","NCC (Outside Study Area)"
271,106.61,20031,14464.44,16707.15,14356.43,41.983334867268,2162.2064,51.50154,20.2814595253729,0.0493061161968626,0,"NewCa S","NCC (Outside Study Area)"
192,108.55,20219.71,14528.26,16334.67,14477.32,41.3056622234982,2067.9834,50.0653733333333,19.050975587287,0.0524907501675304,0,"NewCa S","NCC (Outside Study Area)"
261,108.97,22536.31,14580.04,16493.95,14372.39,32.6706532363768,2195.9438,67.2145666666667,20.1518197669083,0.049623310031887,0,"NewCa W","NCC (Outside Study Area)"
281,110.41,18249.88,12452.28,14639.94,12482.88,37.6032967819648,1953.1435,51.9407516666667,17.6899148627842,0.0565293845536695,0,"NewCa S","NCC (Outside Study Area)"
6,111.65,19675.51,11900.62,13203.9,11876.05,33.2246701988524,1271.0684,38.256765,11.3844012539185,0.0878394899912546,0,"NewCa E","NCC (Outside Study Area)"
132,115.04,19347.77,11508.82,13358.08,11363.45,27.8583578161122,1159.9852,41.6386783333333,10.0833205841446,0.0991736791124576,0,"NewCa E","NCC (Outside Study Area)"
45,118.44,9207.86,4866.99,5590.2,4799.01,31.6628025228694,1215.6485,38.393585,10.2638340087808,0.0974294789982466,0,"NewCa E","NCC (Outside Study Area)"
334,119.11,14416.41,9347.82,10884.68,9230.78,37.1212189242377,1992.4766,53.67487,16.7280379481152,0.0597798739518447,0,"NewCa E","NCC (Outside Study Area)"
267,126,19722.12,14192.54,16162.96,14071.59,38.8653005517613,2531.5639,65.1368666666667,20.091776984127,0.0497716056071111,0,"NewCa S","NCC (Outside Study Area)"
336,126.15,19074.02,14192.23,15443.07,14128.02,41.7327063129341,1984.3504,47.5490466666667,15.7300864050733,0.0635724416413553,0,"NewCa S","NCC (Outside Study Area)"
321,127.11,19876.32,14562.31,16271.79,14565.3,42.513217999421,2542.4415,59.8035533333333,20.0018999291952,0.0499952506281856,0,"NewCa S","NCC (Outside Study Area)"
165,128.96,14071.81,8451.61,9998.04,8321.77,34.2086674875805,1846.6471,53.9818483333333,14.3195339640198,0.0698346749630723,0,"NewCa E","NCC (Outside Study Area)"
270,131.15,18171.75,13002.95,14777.62,12889.63,39.0620121301547,2081.8531,53.296105,15.8738322531453,0.0629967599539084,0,"NewCa S","NCC (Outside Study Area)"
235,133.73,16343.32,10579.84,11990.47,10547.8,36.0890686300426,2411.9311,66.8327333333333,18.0358266656696,0.0554451990772042,0,"NewCa E","NCC (Outside Study Area)"
193,136.13,22596.31,15096.09,18243.53,14968.31,36.3883962900575,3160.7915,86.8626216666667,23.2189194152648,0.0430683263986252,0,"NewCa S","NCC (Outside Study Area)"
17,141.01,20843.88,12609.97,13901.96,12634.04,33.696924342335,1897.6387,56.3148933333333,13.4574760655273,0.0743081388464516,0,"NewCa E","NCC (Outside Study Area)"
310,143.34,20554.49,13973.58,15991.18,13958.25,36.0177398522465,2153.1235,59.7795283333333,15.0210932049672,0.0665730507330397,0,"NewCa S","NCC (Outside Study Area)"
166,144.71,14856.68,9527.42,10979.12,9358.88,37.1681774210157,3139.751,84.4741716666667,21.6968488701541,0.0460896421404118,0,"NewCa W","NCC (Outside Study Area)"
77,146.57,16976.31,9763.91,11381.05,9544.73,31.5899708315174,1776.4191,56.2336416666667,12.1199365490892,0.0825086827764912,0,"NewCa E","NCC (Outside Study Area)"
303,147.12,23543.86,16567.04,19371.84,16557.94,40.6173785712365,3597.7935,88.5776883333333,24.454822593801,0.0408917298894447,0,"NewCa S","NCC (Outside Study Area)"
130,151.36,19656.62,11440.77,13522.51,11089.17,32.0453641980648,1852.855,57.8197516666667,12.2413781712474,0.0816901484465865,0,"NewCa E","NCC (Outside Study Area)"
302,154.38,26746.49,19251.4,22363.35,19166.01,40.3597512741506,3921.7423,97.169635,25.4031759295246,0.0393651566549898,0,"NewCa S","NCC (Outside Study Area)"
50,154.57,10754.46,5520.21,6656.19,5359.93,31.0801185898001,1617.039,52.0280833333333,10.4615319919777,0.0955882944072468,0,"NewCa E","NCC (Outside Study Area)"
291,158.01,23342.57,16580.36,19063.04,16313.63,38.6343864653095,3144.6455,81.39499,19.9015600278463,0.0502473172254233,0,"NewCa S","NCC (Outside Study Area)"
58,162.96,26990.78,17451.97,18864.36,17457.24,36.0420501938934,2523.789,70.0234583333333,15.4871686303387,0.064569581688485,0,"NewCa E","NCC (Outside Study Area)"
176,169.77,29307.62,17612.05,20610.45,17237.1,29.2363536934511,3332.8341,113.99623,19.631466690228,0.0509386290784771,0,"NewCa W","NCC (Outside Study Area)"
182,170.45,18006.39,11789.71,13802.79,11545.06,37.7908428691437,4026.8277,106.555646666667,23.6246858316222,0.0423286052194386,0,"NewCa W","NCC (Outside Study Area)"
278,171.53,18760.55,13853.82,15033.25,13801.06,42.7673315194803,2994.8727,70.0271116666667,17.4597603917682,0.0572745546079471,0,"NewCa S","NCC (Outside Study Area)"
296,173.56,21022.56,15208.69,16816.53,15207.99,39.7550774000516,2580.9794,64.9220066666667,14.8708193132058,0.0672457904933298,0,"NewCa S","NCC (Outside Study Area)"
258,174.87,23091.4,14966.21,16969.86,14758.14,31.9258464546433,2597.0481,81.3462566666667,14.8513072568194,0.0673341398644099,0,"NewCa W","NCC (Outside Study Area)"
7,181.73,13176.05,7120.47,8211.74,7078.08,30.6221526310483,1693.1348,55.291175,9.31676002861388,0.107333450354927,0,"NewCa E","NCC (Outside Study Area)"
308,183.95,17406.12,12359.23,14107.86,12135.68,37.5800603212178,2296.8936,61.1200083333333,12.4865104648002,0.0800864262933207,0,"NewCa S","NCC (Outside Study Area)"
44,185.44,23278.48,14022.82,15854.69,13768.28,32.9743873006951,2260.5223,68.5538833333333,12.1900469154443,0.0820341387474921,0,"NewCa E","NCC (Outside Study Area)"
78,188.74,23245.15,14449.24,15980.02,14353.73,32.9054848779997,2307.5727,70.1272966666667,12.2261984740913,0.0817915725905407,0,"NewCa E","NCC (Outside Study Area)"
31,193.24,16759.67,9600.3,10955.68,9526.45,31.8956000889877,2003.1289,62.8026716666667,10.3660158352308,0.0964690789494376,0,"NewCa E","NCC (Outside Study Area)"
275,198.8,18351.47,13496.45,14554.46,13448.92,41.8635884965502,3015.7103,72.0365933333333,15.1695689134809,0.0659214514073185,0,"NewCa S","NCC (Outside Study Area)"
309,204.36,18963.17,13176.24,15104.72,12976.48,36.6571811186912,2594.4949,70.7772616666667,12.6957080642004,0.0787667765313395,0,"NewCa S","NCC (Outside Study Area)"
236,214.49,20234.8,13061.12,14717.06,12996.92,35.7136192537664,3562.8975,99.7629916666667,16.6110191617325,0.060201002133797,0,"NewCa E","NCC (Outside Study Area)"
178,214.76,22254.8,14309.72,16391.07,14136.07,31.8914392557421,4410.8061,138.3069,20.5383036878376,0.0486895127854294,0,"NewCa W","NCC (Outside Study Area)"
189,215.07,23636.04,16305.67,19174.53,15932.19,36.3282047952749,3047.8033,83.8963366666667,14.1712154182359,0.070565577509546,0,"NewCa S","NCC (Outside Study Area)"
280,215.51,22602.18,15677.57,18136.79,15622.52,40.410893008086,4146.0341,102.596943333333,19.2382446290195,0.0519797943774751,0,"NewCa S","NCC (Outside Study Area)"
181,217.52,23363.77,14992.7,17663.95,14902.44,33.2763083102604,4016.5488,120.702956666667,18.4651930856933,0.0541559460201255,0,"NewCa W","NCC (Outside Study Area)"
256,231.01,19649.58,12944.68,14424.73,12837.48,37.5346519476055,5617.4382,149.660058333333,24.3168616077226,0.0411237278943273,0,"NewCa W","NCC (Outside Study Area)"
88,235.55,27547.35,17229.88,19071.05,17023.6,33.0652159830283,3455.5279,104.506436666667,14.6700399066016,0.0681661404036124,0,"NewCa E","NCC (Outside Study Area)"
209,241.19,25593.79,16551.56,19329.61,16326.48,36.5566899713044,4987.7751,136.439461666667,20.6798586176873,0.0483562300152627,0,"NewCa W","NCC (Outside Study Area)"
231,242.09,20514.96,12266.36,14162.14,12098.06,29.8393212786185,3353.9976,112.40194,13.8543417737205,0.0721795388285311,0,"NewCa W","NCC (Outside Study Area)"
247,244.83,22291.03,14102.87,16037.47,13895.67,31.7687276995893,3903.7806,122.881238333333,15.9448621492464,0.0627161270282454,0,"NewCa W","NCC (Outside Study Area)"
277,245.75,24595.17,16731.53,19944.51,16453.6,36.0137438465231,4176.4775,115.96899,16.9948219735504,0.0588414519173155,0,"NewCa S","NCC (Outside Study Area)"
134,249.33,24903.9,15398.86,17185.11,15177.41,34.0249934840157,3659.1577,107.54323,14.6759623791762,0.0681386320135915,0,"NewCa E","NCC (Outside Study Area)"
191,249.83,26183.16,18176.53,21250.18,17994.25,37.3976761852296,3776.2862,100.976493333333,15.1154232878357,0.0661575915511912,0,"NewCa S","NCC (Outside Study Area)"
179,254.68,28922.05,18467.85,21064.21,18294.95,31.1955653276177,4515.1724,144.737636666667,17.7288063452175,0.0564053766806335,0,"NewCa W","NCC (Outside Study Area)"
87,256.83,21772.8,13238.32,14724.35,13086.89,31.4208419007963,2788.366,88.7425616666667,10.8568547288089,0.0921077075247654,0,"NewCa E","NCC (Outside Study Area)"
71,262.66,25020.11,15279.72,17024.61,15215.82,33.1133387978702,3440.0797,103.888035,13.097082540166,0.0763528821730497,0,"NewCa E","NCC (Outside Study Area)"
194,263.64,23093.54,15907.5,18466.31,15919.89,38.7106317156947,4463.1508,115.29522,16.9289591867698,0.0590703769184765,0,"NewCa S","NCC (Outside Study Area)"
242,265.45,19117.43,12382.25,13995.13,12198.67,37.3857583860573,5588.3826,149.478915,21.052486720663,0.047500326838753,0,"NewCa W","NCC (Outside Study Area)"
208,269.48,25308.59,16099.62,18866.77,16070.04,36.3109835782501,5589.7441,153.940861666667,20.7427048389491,0.0482097203698466,0,"NewCa W","NCC (Outside Study Area)"
312,274.64,18514.62,12397.74,13935,12353.15,33.5103425247026,3062.1646,91.3796866666667,11.1497400233032,0.0896881898510616,0,"NewCa S","NCC (Outside Study Area)"
131,279.28,22487.61,13113.11,15451.65,12833.39,26.3772429248722,2008.8968,76.1602266666667,7.19312804354053,0.139021576419456,0,"NewCa E","NCC (Outside Study Area)"
255,279.9,17594.53,10902.4,12052.33,10800.72,33.2192509096628,4595.9374,138.351626666667,16.4199264022865,0.0609016128026461,0,"NewCa W","NCC (Outside Study Area)"
304,280.39,26724.42,18876.71,21700.89,18736.66,38.1505466663995,4280.5574,112.201731666667,15.2664410285674,0.0655031515288172,0,"NewCa S","NCC (Outside Study Area)"
100,285.86,25333.97,15508.46,17084.89,15348.19,31.1331623848342,3443.2643,110.597961666667,12.0452819562023,0.0830200574495545,0,"NewCa E","NCC (Outside Study Area)"
4,286.68,25568.39,15219.03,16829.95,15174.17,32.3122300591288,3074.7981,95.1589566666667,10.7255410213478,0.0932353899919478,0,"NewCa E","NCC (Outside Study Area)"
57,289.78,31197.51,20089.85,21450.21,20118.25,36.1253086736005,4303.5843,119.129343333333,14.8512122989854,0.0673345703951936,0,"NewCa E","NCC (Outside Study Area)"
264,295.63,24057.57,15011.95,17010.09,14859.01,30.930477630772,4440.4685,143.562881666667,15.0203582180428,0.0665763083332311,0,"NewCa W","NCC (Outside Study Area)"
346,295.87,21413.98,13793.06,15719.75,13552.79,36.146362816111,4901.7585,135.608623333333,16.5672710987934,0.0603599708145556,0,"NewCa W","NCC (Outside Study Area)"
332,296.89,15973.59,9008,10457.82,8823.5,29.2334388058156,3812.5484,130.417376666667,12.841619455017,0.0778717982963836,0,"NewCa W","NCC (Outside Study Area)"
257,300.36,24961.49,15875.75,17851.53,15725.72,30.9796127571737,4558.8408,147.156158333333,15.1779224930084,0.0658851697563117,0,"NewCa W","NCC (Outside Study Area)"
197,304.37,30455.89,22158.21,24394.95,22088.63,40.3622010737268,5537.0305,137.183561666667,18.1917748135493,0.0549698976734912,0,"NewCa S","NCC (Outside Study Area)"
338,305.18,28448.02,19790.09,22982.89,19661.95,36.7120762589845,5257.7952,143.217048333333,17.2285051445049,0.0580433410567228,0,"NewCa S","NCC (Outside Study Area)"
253,306.29,20628.61,12498.39,14343.17,12333.28,31.4430370969678,5033.4585,160.081816666667,16.4336364229978,0.0608508046703872,0,"NewCa W","NCC (Outside Study Area)"
75,309.55,26948.86,16387.24,18148.66,16139.91,32.5487762390364,3955.7214,121.532108333333,12.7789416895493,0.0782537415299268,0,"NewCa E","NCC (Outside Study Area)"
307,316.56,25146.79,17792.05,19759.27,17716.23,37.8202085270064,4564.3654,120.685886666667,14.4186422795047,0.0693546577143013,0,"NewCa S","NCC (Outside Study Area)"
183,317.84,21665.14,13977.09,15661.53,13802.79,35.2059736726158,4966.7464,141.076808333333,15.6265617920967,0.0639936035389284,0,"NewCa W","NCC (Outside Study Area)"
341,319.45,21452.93,12677.27,14350.54,12603.82,30.8730209857251,3670.2171,118.881048333333,11.4891754578181,0.0870384479435835,0,"NewCa E","NCC (Outside Study Area)"
51,320.45,14430.91,7830.8,8683.9,7776.82,32.6965621640768,3470.7992,106.151808333333,10.8310163832111,0.0923274385910888,0,"NewCa E","NCC (Outside Study Area)"
42,335.81,26798.39,15748.84,17553.15,15464.42,32.282864198989,4285.7394,132.75586,12.7623936154373,0.0783552075051507,0,"NewCa E","NCC (Outside Study Area)"
320,341.69,27458.11,17785.46,20077.78,17510.8,35.8180508034705,5955.0868,166.259376666667,17.4283321139044,0.0573778370451292,0,"NewCa E","NCC (Outside Study Area)"
15,341.79,26935.97,16301.63,17739.26,16246.35,33.193485028031,4089.5059,123.202065,11.9649664998976,0.0835773338779142,0,"NewCa E","NCC (Outside Study Area)"
260,347.48,24768.93,15969.4,17967.7,15754.63,33.2411891597558,6198.2995,186.464433333333,17.8378597329343,0.0560605372489664,0,"NewCa W","NCC (Outside Study Area)"
65,352.89,29520.98,18854.39,20281.41,18794.51,36.4141703438755,4418.3082,121.334858333333,12.520355351526,0.0798699375475889,0,"NewCa E","NCC (Outside Study Area)"
81,364.43,27849.9,16721.68,18550.17,16419.68,31.5565727771781,4453.1044,141.114956666667,12.2193683286228,0.0818372908571378,0,"NewCa E","NCC (Outside Study Area)"
26,364.74,29741.95,18518.03,20006.19,18453.43,34.7884822621081,4197.8433,120.667618333333,11.5091388386248,0.0868874738606846,0,"NewCa E","NCC (Outside Study Area)"
32,367.59,28093.93,16958.93,18880.97,16867,33.7576635679512,5067.1286,150.10306,13.784729181969,0.0725440439778852,0,"NewCa E","NCC (Outside Study Area)"
86,367.85,26608.11,16412.85,18065.74,16238.4,32.3972165695946,4488.0491,138.531935,12.2007587331793,0.0819621157887956,0,"NewCa E","NCC (Outside Study Area)"
218,371.49,25577.94,17162.3,19511.09,17131.5,34.9498063349995,5531.0349,158.256525,14.8887854316402,0.0671646458061583,0,"NewCa S","NCC (Outside Study Area)"
324,381.4,32616.19,20354.08,23043.02,19903.39,29.5759299972222,5782.6986,195.520431666667,15.1617687467226,0.0659553655450761,0,"NewCa W","NCC (Outside Study Area)"
96,387.32,29734.81,18527.36,20285.02,18408.96,32.5448139762587,4912.4559,150.944353333333,12.6831970980068,0.0788444736979725,0,"NewCa E","NCC (Outside Study Area)"
126,388.31,29671.59,19052.36,20738.52,19001.5,37.0213894497323,4930.4736,133.179053333333,12.6972614663542,0.0787571400848795,0,"NewCa E","NCC (Outside Study Area)"
64,391.38,29317.36,18692.14,20334.53,18449.68,36.8095438083008,4967.5472,134.952696666667,12.6923889825745,0.0787873741793536,0,"NewCa E","NCC (Outside Study Area)"
240,393.3,26220.16,16813.32,18536.4,16674.79,34.7880655468892,5908.902,169.854285,15.0239054157132,0.0665605894293051,0,"NewCa E","NCC (Outside Study Area)"
335,396.61,18929.43,12542.49,14451.89,12503.26,37.4295520469684,5457.7605,145.814208333333,13.7610259448829,0.072669000407768,0,"NewCa S","NCC (Outside Study Area)"
331,397.65,14976.15,8920.93,9836.36,8822.68,33.058159605806,4648.9432,140.62922,11.6910428769018,0.0855355685997626,0,"NewCa E","NCC (Outside Study Area)"
123,406.78,26120.04,16861.35,18089.32,16801.97,37.3236950161418,3640.9262,97.5499933333333,8.95060278283101,0.111724318938406,0,"NewCa E","NCC (Outside Study Area)"
29,407.63,27807.34,16643.78,18444.42,16551.93,31.2926991589953,4504.2816,143.940335,11.0499266491671,0.0904983382921707,0,"NewCa E","NCC (Outside Study Area)"
9,409.33,19273.74,10883.62,12012.41,10827.69,31.3230141356116,4182.0453,133.513501666667,10.2168062443505,0.0978779450332592,0,"NewCa E","NCC (Outside Study Area)"
233,416.99,27361.71,17547.38,19952.04,17281.3,33.3350898715218,8372.1266,251.150563333333,20.0775236816231,0.0498069391353924,0,"NewCa W","NCC (Outside Study Area)"
13,418.19,19953.23,11243.09,12520.91,11192.77,31.2711085132674,4233.2177,135.371526666667,10.1227138382075,0.0987877377532462,0,"NewCa E","NCC (Outside Study Area)"
232,418.51,29710.36,18757.49,21234.85,18601.56,30.6640229109822,6957.2628,226.886825,16.6238866454804,0.0601544044016851,0,"NewCa W","NCC (Outside Study Area)"
204,420.1,15506.71,8502.34,9457.27,8487.77,33.0336191882013,5422.4148,164.148371666667,12.9074382289931,0.0774747073942038,0,"NewCa E","NCC (Outside Study Area)"
49,422.82,28985.15,17072.25,19159.71,16780.71,31.4554468745265,4997.1962,158.865846666667,11.8187318480677,0.0846114467148598,0,"NewCa E","NCC (Outside Study Area)"
274,427.18,30200.69,21554.01,23870.95,21617.59,39.9628949612842,7251.1855,181.447953333333,16.974543517955,0.0589117462241174,0,"NewCa S","NCC (Outside Study Area)"
19,436.46,30031.02,18127.89,20109.99,17802.37,33.36651138744,5061.0855,151.68159,11.5957602071209,0.0862384166400666,0,"NewCa E","NCC (Outside Study Area)"
23,437.44,31667.31,19374.18,21336.94,19295.33,35.0724855213305,6338.5576,180.727356666667,14.4901188734455,0.0690125463244193,0,"NewCa E","NCC (Outside Study Area)"
36,441.08,30209.33,18514.36,20039.38,18468.08,33.6107804655201,5974.4542,177.754105,13.5450580393579,0.0738276644584538,0,"NewCa E","NCC (Outside Study Area)"
265,442.37,23894.98,17174.79,19023.43,17110.8,37.8268731305131,5478.0135,144.818036666667,12.3833295657481,0.0807537257803399,0,"NewCa S","NCC (Outside Study Area)"
43,451.53,30411.49,18174.74,20139.63,17868.71,32.1899044120951,5758.9503,178.90548,12.7543027041393,0.0784049134787637,0,"NewCa E","NCC (Outside Study Area)"
99,457.6,29086.76,18092.58,19803.56,17994.04,33.150296717101,5976.2898,180.278621666667,13.0600738636364,0.0765692453535302,0,"NewCa E","NCC (Outside Study Area)"
162,458.99,28278.82,18114.51,20002.49,17966.39,34.9804212914424,6857.5141,196.038636666667,14.9404433647792,0.0669324179734461,0,"NewCa E","NCC (Outside Study Area)"
110,464.12,28755.23,17992.18,19557.47,17923.84,35.5875577561174,4706.9958,132.26521,10.1417646298371,0.0986021699870648,0,"NewCa E","NCC (Outside Study Area)"
90,465.96,26759.85,16466.11,18103.11,16227.62,32.2235641161724,5652.1987,175.405758333333,12.1302229805133,0.0824387153976027,0,"NewCa E","NCC (Outside Study Area)"
128,466.11,26941.29,15794.41,17575.15,15587.76,30.9636072318605,5674.8498,183.274828333333,12.1749153633263,0.082136094597605,0,"NewCa E","NCC (Outside Study Area)"
339,476.59,28549.28,20835.2,23929.37,20732.61,38.2678749634487,7394.3935,193.227178333333,15.5152090895738,0.0644528858249159,0,"NewCa S","NCC (Outside Study Area)"
239,477.25,25155.9,16019.54,17534.16,15928.37,34.3398306029608,6531.0945,190.190061666667,13.6848496595076,0.0730735101138102,0,"NewCa E","NCC (Outside Study Area)"
114,477.95,30510.78,19939.55,21419.93,19895.19,36.6718944019357,4990.6918,136.090373333333,10.441870070091,0.0957682860720832,0,"NewCa E","NCC (Outside Study Area)"
230,480.39,29665.64,18926.59,20609.35,18815.84,36.4603468791758,7558.9706,207.320315,15.7350706717459,0.0635523043309627,0,"NewCa W","NCC (Outside Study Area)"
175,498.53,35876.81,21588.68,24835.03,21296.97,27.2282647698219,8147.8331,299.241731666667,16.3437167271779,0.0611855930136811,0,"NewCa W","NCC (Outside Study Area)"
38,500.11,31749.99,19396.88,21118.04,19328.97,32.2163031659711,5736.4605,178.060793333333,11.4703975125472,0.0871809367466228,0,"NewCa E","NCC (Outside Study Area)"
243,500.27,29340.47,18903.47,21134.12,18666.25,33.2145352725109,8468.3008,254.957678333333,16.9274607711836,0.0590756058169308,0,"NewCa W","NCC (Outside Study Area)"
248,502.6,28531.15,18341.65,20607.94,18066,33.4250396752273,8677.3672,259.606788333333,17.2649566255472,0.0579207942243126,0,"NewCa W","NCC (Outside Study Area)"
72,504.85,20135.33,11489.24,12532.93,11404.58,31.6886666940846,5533.5345,174.621878333333,10.9607497276419,0.0912346349336035,0,"NewCa E","NCC (Outside Study Area)"
241,505.57,30896.31,18836.82,21700.45,18491.95,33.1935487489039,9189.1733,276.836121666667,18.1758674367546,0.0550180068973125,0,"NewCa E","NCC (Outside Study Area)"
21,519.22,29745.32,17848.9,19567.55,17867.37,32.8516309602165,5805.1114,176.706946666667,11.1804464388891,0.089441866696994,0,"NewCa E","NCC (Outside Study Area)"
93,526.26,31842.17,19696.58,21578.01,19500.24,33.3973267322779,7470.5407,223.686786666667,14.195532056398,0.0704447002075767,0,"NewCa E","NCC (Outside Study Area)"
246,526.96,27167.96,17508.78,19240.29,17494.33,34.6324488908221,7787.7649,224.869021666667,14.7786642249886,0.0676651140303426,0,"NewCa W","NCC (Outside Study Area)"
348,528.88,16541.98,11562.11,12633.68,11482.82,37.8325085117833,6061.1745,160.210748333333,11.4603964982605,0.0872570159463319,0,"NewCa S","NCC (Outside Study Area)"
112,534.97,31790.62,20399.23,21808.76,20390.02,36.8088280909403,5462.6718,148.406566666667,10.2111740845281,0.0979319314039698,0,"NewCa E","NCC (Outside Study Area)"
52,543.79,16661.25,9217.85,10064.4,9181.48,33.5720166196631,6973.4788,207.717006666667,12.8238452343736,0.0779797308625933,0,"NewCa E","NCC (Outside Study Area)"
313,543.8,25619.99,17503.88,19539.93,17339.57,35.9162965294599,6181.1486,172.098718333333,11.3665844060316,0.0879771762807968,0,"NewCa S","NCC (Outside Study Area)"
55,551.64,33836.38,21438.25,22867.56,21471.62,34.2563249071311,6893.0718,201.220411666667,12.495598216228,0.0800281813399942,0,"NewCa E","NCC (Outside Study Area)"
25,557.15,34204.55,21190.63,23582.92,20498.43,33.9740047832914,6622.4557,194.927143333333,11.8863065601723,0.084130423099697,0,"NewCa E","NCC (Outside Study Area)"
83,564.08,32071.09,20078.53,21995.46,19753.29,33.8067258085712,7898.4363,233.635056666667,14.0023335342505,0.0714166676257173,0,"NewCa E","NCC (Outside Study Area)"
316,567.59,30244.9,17987.7,19994.91,17712.32,31.6609947387155,7446.7515,235.202701666667,13.1199483782308,0.0762198120885328,0,"NewCa E","NCC (Outside Study Area)"
251,571.35,36165.63,22695.41,25951.65,22379.82,29.5460076497332,11050.0644,373.995178333333,19.3402719873983,0.0517055810100075,0,"NewCa W","NCC (Outside Study Area)"
133,579.23,28624.75,17102.56,19040.37,16838.14,31.3618924987734,6882.4857,219.453775,11.8821292060149,0.0841600005067936,0,"NewCa E","NCC (Outside Study Area)"
314,581.51,26164.42,18309.7,20105.33,18163.06,38.1774950654785,8062.4737,211.183936666667,13.8647206410896,0.0721255065923502,0,"NewCa S","NCC (Outside Study Area)"
120,591.94,32094.31,19960.22,21960.27,19876.8,34.8507092553078,5686.5523,163.168911666667,9.60663631449133,0.104094707789815,0,"NewCa E","NCC (Outside Study Area)"
30,603.12,34709.24,21022.88,23020.04,20957.45,31.9859139778824,7012.9714,219.251868333333,11.6278209974798,0.0860006359073417,0,"NewCa E","NCC (Outside Study Area)"
95,606.08,33921.78,21111.32,22689.39,20921.14,32.9501340747436,7751.1299,235.23819,12.7889550884372,0.0781924710099362,0,"NewCa E","NCC (Outside Study Area)"
84,608.82,33183.65,20643.58,22625.75,20431.86,32.8740417093176,7687.6152,233.850625,12.6270740120233,0.0791949107962636,0,"NewCa E","NCC (Outside Study Area)"
136,612.1,33344.07,20254.54,22550.05,19922.79,30.9839413752181,7306.54,235.816996666667,11.9368403855579,0.0837742625100253,0,"NewCa E","NCC (Outside Study Area)"
200,615.66,28368.35,20572.2,23941.07,20447.44,38.1477015002702,9419.7048,246.927191666667,15.3001734723711,0.0653587360826849,0,"NewCa S","NCC (Outside Study Area)"
127,617.71,35211.13,21160.09,23681.24,20647.05,30.8794241768844,7780.9164,251.97738,12.5963905392498,0.0793878212083091,0,"NewCa E","NCC (Outside Study Area)"
73,619.67,31764.75,19435.1,20790.72,19325.5,32.5241505698516,7729.6455,237.658643333333,12.4738094469637,0.0801679714807102,0,"NewCa E","NCC (Outside Study Area)"
161,637.99,32170.95,20600.09,22785.49,20390.82,35.241885233573,9538.6113,270.66121,14.9510357529115,0.0668849982386849,0,"NewCa E","NCC (Outside Study Area)"
18,641.53,33854.79,20610.77,22726.41,20258.06,34.3487001902925,8258.7223,240.437695,12.8734779355603,0.0776790860252076,0,"NewCa E","NCC (Outside Study Area)"
245,641.61,31600.39,20666.7,22905.13,20456.33,33.4339791832954,11703.0064,350.03331,18.240062343168,0.0548243740172611,0,"NewCa W","NCC (Outside Study Area)"
202,647.4,22919.05,13718.92,15650.19,13470.5,30.6627369260764,9376.7412,305.802486666667,14.4836904541242,0.0690431767488688,0,"NewCa W","NCC (Outside Study Area)"
122,660.8,32197.05,20269.37,21761.3,20174.23,35.2506749558205,7270.5359,206.252388333333,11.0026269673123,0.0908873856189886,0,"NewCa E","NCC (Outside Study Area)"
184,670.8,21982.25,13803.44,15520.24,13716.66,34.6238518915709,10407.4669,300.586628333333,15.5150073047108,0.0644537240853488,0,"NewCa E","NCC (Outside Study Area)"
124,676.28,33959.29,21413.18,23452.16,21292.03,35.7260274984131,6612.2083,185.080983333333,9.77732344590998,0.10227747967347,0,"NewCa E","NCC (Outside Study Area)"
279,687.37,31945.26,22930.93,24795.3,22865.9,39.9596357861737,10528.9314,263.489173333333,15.317705747996,0.0652839280537054,0,"NewCa S","NCC (Outside Study Area)"
56,700.1,36240.65,22860.89,24146.64,22909.94,36.2569643041099,10239.0063,282.401091666667,14.6250625624911,0.0683757758797355,0,"NewCa E","NCC (Outside Study Area)"
22,700.83,32491.95,19360.24,21089.48,19362.22,32.1740565733439,7486.0629,232.67389,10.6817101151492,0.0936179683983152,0,"NewCa E","NCC (Outside Study Area)"
53,701.08,18534.3,10508.83,11321.07,10495.47,34.5944360714421,8627.1449,249.37955,12.3055070747989,0.081264428513308,0,"NewCa E","NCC (Outside Study Area)"
148,701.48,37406.76,22587,25677.18,22168.62,30.0965109413646,11826.9465,392.967361666667,16.8599910189884,0.0593120126145831,0,"NewCa W","NCC (Outside Study Area)"
67,705.13,34761.47,21416.89,23098.29,21332.14,34.2654927238971,7905.2912,230.707063333333,11.2111117098975,0.0891972202111922,0,"NewCa E","NCC (Outside Study Area)"
76,712.23,31694.76,19248.78,20567.71,19152.32,32.5903530003685,8936.7794,274.215483333333,12.5476031618999,0.0796964955854231,0,"NewCa E","NCC (Outside Study Area)"
94,719,33300.13,19971.23,21562.06,19822.24,30.7931254967473,8797.2813,285.689781666667,12.2354399165508,0.0817297953175602,0,"NewCa E","NCC (Outside Study Area)"
234,738.07,30341.65,19731.67,21612.3,19562.45,37.4236563678868,10366.5312,277.004766666667,14.0454580188871,0.0711973933961632,0,"NewCa E","NCC (Outside Study Area)"
98,738.43,33194.44,20354.97,22274.44,20343.27,32.0973163835671,9923.9496,309.183156666667,13.439255718213,0.0744088825279806,0,"NewCa E","NCC (Outside Study Area)"
207,742.22,34244.35,21714.03,23998.17,21438.04,30.2702387877305,10593.7462,349.972336666667,14.2730540810002,0.0700620900281715,0,"NewCa W","NCC (Outside Study Area)"
20,742.79,36861.53,22285.89,24769.95,21915.96,33.9836416239131,9514.8408,279.982966666667,12.8095973289894,0.0780664664405105,0,"NewCa E","NCC (Outside Study Area)"
244,745.95,31338.89,19904.81,21761.43,19821.82,35.8547996357184,11764.4735,328.114328333333,15.7711287619814,0.0634070024468158,0,"NewCa W","NCC (Outside Study Area)"
319,757.91,30165.12,18976.57,20703.8,18976.43,33.8841043868641,10510.7198,310.196181666667,13.8680315604755,0.0721082870080886,0,"NewCa E","NCC (Outside Study Area)"
259,773.09,33195.71,21585.28,23727.6,21332.62,32.9315084493486,12409.2048,376.818596666667,16.0514361846616,0.0622997212520822,0,"NewCa W","NCC (Outside Study Area)"
119,777.21,38092.57,23592.26,25775.34,23536.07,34.2555342456402,9535.6767,278.368938333333,12.2691122090555,0.0815054897991665,0,"NewCa E","NCC (Outside Study Area)"
219,778.28,29341.57,18386.49,20631.41,18215.63,31.5602558601921,11836.9003,375.057171666667,15.2090511127101,0.0657503214756316,0,"NewCa W","NCC (Outside Study Area)"
190,783.32,33341.8,23297.63,26319,23303.71,35.8510007814954,11147.8237,310.948745,14.2315065362815,0.0702666297099765,0,"NewCa S","NCC (Outside Study Area)"
326,787.33,24639.43,14186.87,16153.53,13857.8,28.5183585999529,10260.4988,359.785741666667,13.0320180864441,0.0767340862609915,0,"NewCa W","NCC (Outside Study Area)"
97,794.49,33364.69,20277.53,21586.28,20120.72,31.3866871811336,9950.7062,317.035886666667,12.5246462510541,0.0798425743893433,0,"NewCa E","NCC (Outside Study Area)"
40,813.72,36398.45,22324.12,23914.7,22321.45,33.21177897962,10226.5877,307.920503333333,12.567698594111,0.0795690629045307,0,"NewCa E","NCC (Outside Study Area)"
16,816.88,37164.81,22669.91,24982.79,22280.43,33.9911496543499,10399.2981,305.941346666667,12.7305088874743,0.0785514553140851,0,"NewCa E","NCC (Outside Study Area)"
46,831.05,18831.85,10480.75,11159.51,10500.68,33.7844339786691,11116.2645,329.035096666667,13.3761681005956,0.0747598260188933,0,"NewCa E","NCC (Outside Study Area)"
74,839.52,30523.37,18235.95,19542.03,18140.86,31.9936099686849,10155.1593,317.412111666667,12.0963875786164,0.0826693087916405,0,"NewCa E","NCC (Outside Study Area)"
62,842.15,33321.85,20030.23,21383.63,20001.79,32.8255132074559,9290.0572,283.013311666667,11.0313568841655,0.0906506797396253,0,"NewCa E","NCC (Outside Study Area)"
8,867.81,23596.77,13071.46,14652.52,12783.1,30.638770511142,9120.0381,297.663318333333,10.5092567497494,0.0951542077439348,0,"NewCa E","NCC (Outside Study Area)"
28,873.23,33394.4,19951.04,21718.02,19898.71,31.7201958399602,9306.6011,293.39671,10.6576744958373,0.0938290994335193,0,"NewCa E","NCC (Outside Study Area)"
41,877.19,36244.87,22131.35,23883.84,22071.41,31.3058264535158,9752.9375,311.537455,11.1183865525143,0.0899411074868469,0,"NewCa E","NCC (Outside Study Area)"
188,896.43,33345.37,23312.65,25441.51,23092.83,39.131603772486,16628.3467,424.933943333333,18.5495205425967,0.0539097491875124,0,"NewCa E","NCC (Outside Study Area)"
107,900.95,38775.31,23850.89,25803.89,23603.74,33.2903520527138,12463.0108,374.373055,13.8331880792497,0.0722899156919611,0,"NewCa E","NCC (Outside Study Area)"
135,913.84,37558.29,22637.24,25030.98,22318.42,30.7615951888139,11564.3608,375.935016666667,12.6546887857831,0.0790220934649497,0,"NewCa E","NCC (Outside Study Area)"
145,923.59,37788.09,23174.72,26114.02,22820.76,30.742549870277,13737.1569,446.845071666667,14.8736527030392,0.0672329803556368,0,"NewCa W","NCC (Outside Study Area)"
54,932.94,37883.47,23640.14,25192.17,23774.28,35.0694541787948,12271.5255,349.92063,13.1536063412438,0.0760247778485242,0,"NewCa E","NCC (Outside Study Area)"
34,942.4,35497.79,21704.11,23465.09,21647.79,31.3908945769426,10460.4115,333.230755,11.0997575339559,0.0900920580418849,0,"NewCa E","NCC (Outside Study Area)"
167,947.49,33177.99,21529.79,23299.31,21427.67,34.8469614561602,14572.1942,418.176896666667,15.3797868051378,0.0650204071532343,0,"NewCa W","NCC (Outside Study Area)"
105,950.26,37665.02,22327.38,24808.31,22091.99,30.7540146951084,11373.4532,369.820113333333,11.9687803338034,0.083550702085801,0,"NewCa E","NCC (Outside Study Area)"
48,957.6,38863.92,23402.7,25794.65,22997.05,32.0637919937572,11272.2797,351.55791,11.771386487051,0.0849517600241946,0,"NewCa E","NCC (Outside Study Area)"
68,976.78,39510.55,24374.41,26076.45,24293.9,33.7940954989079,11046.2649,326.869671666667,11.3088565490694,0.0884262697701555,0,"NewCa E","NCC (Outside Study Area)"
206,980.85,32614.92,20786.98,23010.09,20468.28,31.7742702799091,14616.1665,460.000068333333,14.9015308151093,0.0671071994151134,0,"NewCa W","NCC (Outside Study Area)"
210,987.74,34495.78,24667.85,27390.3,24443.49,38.3710198265538,14660.1999,382.06438,14.84216484095,0.06737561607192,0,"NewCa S","NCC (Outside Study Area)"
121,994.3,33853.23,20969.55,22521.32,20928.24,33.9899085468955,10479.2404,308.30446,10.5393144926079,0.0948828313930082,0,"NewCa E","NCC (Outside Study Area)"
60,1020.94,39602.76,25100.21,26369.77,25154.76,35.3615544663596,13376.2943,378.272236666667,13.1019396830372,0.0763245766804039,0,"NewCa E","NCC (Outside Study Area)"
70,1021.34,39594.32,24306.85,26228.8,24218.27,33.5896272590613,12284.765,365.730911666667,12.0280856521824,0.0831387494998887,0,"NewCa E","NCC (Outside Study Area)"
221,1037.18,33121.2,20970.74,23506.16,20769.76,32.3258855520103,17510.3929,541.683316666667,16.8826943249966,0.059232251721776,0,"NewCa W","NCC (Outside Study Area)"
14,1075.48,36969.65,22224.02,23913.87,22166.44,32.1568354196214,11733.4665,364.8825,10.9099811247071,0.091659186993034,0,"NewCa E","NCC (Outside Study Area)"
89,1095.12,34202.3,20896.29,22556.53,20574.52,30.8896208839805,12738.8813,412.400053333333,11.6324067682081,0.0859667324162915,0,"NewCa E","NCC (Outside Study Area)"
266,1097.86,34305.41,23890.21,26917.48,23698.78,36.8748526657098,12997.6233,352.479328333333,11.839053522307,0.0844662116034706,0,"NewCa S","NCC (Outside Study Area)"
33,1121.41,38692.8,23760.7,25603.14,23582.48,31.7206979159669,13184.1064,415.631031666667,11.7567226973186,0.0850577176773998,0,"NewCa E","NCC (Outside Study Area)"
147,1133.21,37722.02,22828.4,26438.81,22317.2,31.4450771527746,14782.2074,470.096076666667,13.0445437297588,0.0766604045888302,0,"NewCa W","NCC (Outside Study Area)"
157,1134.35,37655.58,23766.16,26327.6,23538.54,30.2909340948931,16481.5897,544.109655,14.5295452902543,0.0688252784256606,0,"NewCa W","NCC (Outside Study Area)"
35,1151.02,38022.46,23084.37,24802.36,23035.53,31.3763435226165,11928.5607,380.17689,10.3634695313722,0.0964927813965016,0,"NewCa E","NCC (Outside Study Area)"
211,1159.65,33130.28,23122.83,25806.5,22951.91,37.6872050783811,15581.6512,413.446716666667,13.4365120510499,0.0744240764419114,0,"NewCa S","NCC (Outside Study Area)"
92,1180.83,40084.96,24357.35,26350.7,24108.85,31.6657420295381,15111.1526,477.208226666667,12.7970602034162,0.0781429472163493,0,"NewCa E","NCC (Outside Study Area)"
111,1186.89,39541.29,25306.87,26757.21,25351.45,37.062007288354,12215.7827,329.603915,10.2922618776803,0.0971603727037482,0,"NewCa E","NCC (Outside Study Area)"
325,1228.29,40115.77,23808.06,26821.78,23409.95,27.0722102898417,16345.1647,603.761736666667,13.3072521147286,0.0751469943891113,0,"NewCa W","NCC (Outside Study Area)"
85,1240.8,39141.29,24311.47,25666,24228.7,32.0323121842489,15267.6042,476.63135,12.3046455512573,0.0812701183333008,0,"NewCa E","NCC (Outside Study Area)"
24,1257.65,40018.27,24520.25,26170,24560.59,33.3398850879567,14848.0788,445.354828333333,11.8062090406711,0.0847011938002376,0,"NewCa E","NCC (Outside Study Area)"
82,1301.23,38108.97,22613.76,24484.18,22267.28,30.1105107181669,16137.9954,535.958873333333,12.4021083129039,0.0806314519088288,0,"NewCa E","NCC (Outside Study Area)"
10,1302.43,22362.11,12122.89,13456.04,11790.24,31.3605024912087,14674.85,467.940525,11.2672849980421,0.0887525255794778,0,"NewCa E","NCC (Outside Study Area)"
140,1339.26,39474.78,24546.64,26452.9,24354.9,32.1752121233799,17347.6152,539.160865,12.9531347161866,0.0772013896180958,0,"NewCa E","NCC (Outside Study Area)"
212,1385.07,35178.19,24953.81,27858.57,24603.86,37.941116920806,17832.2215,469.997273333333,12.8745994787267,0.0776723191779555,0,"NewCa S","NCC (Outside Study Area)"
125,1412.04,39268.25,25146.7,26992.89,25003.07,37.5845855216364,12760.3291,339.50964,9.03680426900088,0.110658587951309,0,"NewCa E","NCC (Outside Study Area)"
113,1441.97,42461.63,27699.22,29098.83,27543.36,36.9959607323843,15645.1069,422.886893333333,10.8498144205497,0.0921674750589272,0,"NewCa E","NCC (Outside Study Area)"
263,1447.67,32459.51,20462.19,22649.77,20347.56,30.783379583944,20979.6223,681.524335,14.4919921667231,0.0690036254847162,0,"NewCa W","NCC (Outside Study Area)"
47,1447.86,43035,25397.1,28078.37,24869.96,31.1222704859025,17676.9051,567.982503333333,12.2089878165016,0.0819068718086856,0,"NewCa E","NCC (Outside Study Area)"
172,1486.54,44039.29,26853.46,30190.48,26310.63,27.5025788451387,22609.7607,822.096023333333,15.2096551051435,0.0657477104567498,0,"NewCa W","NCC (Outside Study Area)"
139,1496.78,40252.06,25110.73,26943.87,25000.51,32.1631750624125,18915.7163,588.117195,12.6376062614412,0.0791289093292227,0,"NewCa E","NCC (Outside Study Area)"
340,1499.19,31123.71,18411.42,19433.11,18297.14,31.6725116572973,16638.1049,525.316876666667,11.0980628872925,0.0901058148755872,0,"NewCa E","NCC (Outside Study Area)"
328,1520.38,37422.8,23669.68,25486.54,23372.95,34.3188929485558,19738.7395,575.15665,12.9827671371631,0.077025181876482,0,"NewCa E","NCC (Outside Study Area)"
63,1531.03,43414.73,26767.78,28462.91,26637.72,34.0261714857966,17581.5091,516.705475,11.4834517285749,0.0870818307627529,0,"NewCa E","NCC (Outside Study Area)"
138,1536.7,43977.5,26111.44,29225.83,25728.08,29.3052289032351,18570.3463,633.687126666667,12.0845619183966,0.0827502069791773,0,"NewCa E","NCC (Outside Study Area)"
102,1566.41,44820.76,27096.56,29553.62,26841.21,31.1143853517713,19706.6167,633.360308333333,12.5807526126621,0.0794865005924635,0,"NewCa E","NCC (Outside Study Area)"
323,1574.06,33859.69,19296.26,22235.57,18722.04,27.903117191403,22041.8808,789.943311666667,14.0032024192216,0.07141223629156,0,"NewCa W","NCC (Outside Study Area)"
156,1592.72,28556.73,17397.87,19342.91,17220.39,29.9879400181062,21772.2469,726.033428333333,13.6698521397358,0.0731536807990176,0,"NewCa W","NCC (Outside Study Area)"
141,1611.35,41740.7,25643.9,27601.75,25369.25,31.5621495643891,21054.5872,667.083436666667,13.066427033233,0.0765320157879894,0,"NewCa E","NCC (Outside Study Area)"
163,1657.84,38131.57,24583.78,26441.88,24400.21,34.1559257530394,23013.857,673.78812,13.8818323843073,0.0720365995148054,0,"NewCa E","NCC (Outside Study Area)"
104,1735.25,47893.62,28954.3,31000.4,28663.73,31.0711777487143,21984.4157,707.550125,12.6693074196802,0.078930912864789,0,"NewCa E","NCC (Outside Study Area)"
12,1764.64,34091.65,19912.99,21315.06,19868.46,31.5589798578673,18572.483,588.50074,10.5247999591985,0.0950136823385435,0,"NewCa E","NCC (Outside Study Area)"
59,1787.07,39945.56,24922.68,26371.47,24861.72,34.8403856598105,22220.8703,637.790595,12.4342472874594,0.0804230426564346,0,"NewCa E","NCC (Outside Study Area)"
173,1827.15,46598.96,27550.13,31059.02,26875.19,25.7340210558117,25317.3529,983.808665,13.8561983964097,0.0721698673323782,0,"NewCa W","NCC (Outside Study Area)"
39,1840.97,42041.39,25376.49,27232.32,25342.48,30.8777467937329,21797.4981,705.929038333333,11.840224501214,0.0844578580327987,0,"NewCa E","NCC (Outside Study Area)"
116,1907.85,39839.94,26085.99,26883.38,26112.27,37.3065694211277,21581.5052,578.490746666667,11.3119507298792,0.0884020823533661,0,"NewCa E","NCC (Outside Study Area)"
171,1919.46,44087.06,27341.25,30509.44,26873.94,28.145248738791,26405.2019,938.176178333333,13.7565783605806,0.0726924947315021,0,"NewCa W","NCC (Outside Study Area)"
168,1945.67,49193.75,29338,32897.68,28739.7,26.7322061218275,28244.4108,1056.568645,14.5165474104036,0.0688869034577276,0,"NewCa W","NCC (Outside Study Area)"
66,2017.81,44498.76,27294.9,29191.93,27124.17,33.4180591840529,22200.4168,664.323941666667,11.0022335105882,0.0908906358911244,0,"NewCa E","NCC (Outside Study Area)"
27,2076.26,44381.81,26884.86,28436.07,26837.93,31.5894180218432,22123.6298,700.349395,10.6555199252502,0.0938480718927958,0,"NewCa E","NCC (Outside Study Area)"
144,2106.85,42975.11,26461.39,28559.97,26121.43,31.4493203063107,26310.2319,836.591431666667,12.4879473621758,0.0800772113300909,0,"NewCa E","NCC (Outside Study Area)"
11,2154.25,25608.95,13537.09,15206.95,13214.87,30.2436293033173,23081.1888,763.175231666667,10.7142573053267,0.0933335808075882,0,"NewCa E","NCC (Outside Study Area)"
2,2205.97,34865.73,19642.4,21854.9,19242.5,30.1134386730044,24500.6111,813.61054,11.1065024003046,0.0900373460480747,0,"NewCa E","NCC (Outside Study Area)"
137,2228.91,45916.56,28216.32,30771.16,27795.41,28.542912701859,24777.7806,868.088721666667,11.1165460247386,0.0899559987225006,0,"NewCa E","NCC (Outside Study Area)"
315,2240.32,46537.36,28787.24,30485.58,28721.68,34.4552903302305,23582.3062,684.432085,10.5263115090701,0.0950000386306578,0,"NewCa E","NCC (Outside Study Area)"
103,2292.54,39216.71,22755.45,25008.04,22500.96,31.3816832502569,30315.0985,966.012506666667,13.2233673131112,0.0756237028225391,0,"NewCa E","NCC (Outside Study Area)"
146,2436.24,46280.55,28938.26,31123.5,28634.57,32.0875998585294,32585.5524,1015.518535,13.375345778741,0.0747644222842759,0,"NewCa W","NCC (Outside Study Area)"
115,2459.92,46995.71,30730.97,31877.18,30619.99,37.22569589289,25148.5107,675.568585,10.2233042944486,0.097815732682731,0,"NewCa E","NCC (Outside Study Area)"
80,2549.98,41741.5,25019.06,26753.64,24695,30.1696734596983,30398.7713,1007.59364666667,11.9211802837669,0.0838843114688652,0,"NewCa E","NCC (Outside Study Area)"
170,2574.61,38565.57,22659.48,25244.02,22440.74,26.9222776279662,35506.5202,1318.85276166667,13.7910286218107,0.0725109074473595,0,"NewCa W","NCC (Outside Study Area)"
106,2670.4,52146.5,31185.2,33747.37,30865.35,29.9499377811317,35800.9433,1195.35952166667,13.4065845191732,0.0745902133813329,0,"NewCa E","NCC (Outside Study Area)"
108,2708.22,47543.9,29642.37,31666.33,29192.49,33.6514961051861,36611.6107,1087.96383333333,13.5186988870919,0.0739716157858086,0,"NewCa E","NCC (Outside Study Area)"
37,2736.91,46824.42,28289.72,30193.04,28311.64,30.1483929919415,29651.4712,983.51747,10.8339226353808,0.0923026713089366,0,"NewCa E","NCC (Outside Study Area)"
117,2745.49,37810.5,22595.71,23760.76,22528.55,34.2444444463606,30447.4943,889.122156666667,11.0900037151838,0.0901712953108263,0,"NewCa E","NCC (Outside Study Area)"
333,2757.29,45192.71,28309.8,31738.87,27894.66,30.139428965779,38829.5155,1288.32950166667,14.0824924110268,0.0710101572088892,0,"NewCa W","NCC (Outside Study Area)"
101,2823.98,52374.68,31275.19,34185.05,30990.81,30.469733234895,38251.9948,1255.40957333333,13.5454198684127,0.0738256923531737,0,"NewCa E","NCC (Outside Study Area)"
180,3102.72,43210.77,27781.49,30415.67,27572.79,30.7826542822302,46399.5483,1507.32772666667,14.9544748801052,0.0668696164871933,0,"NewCa W","NCC (Outside Study Area)"
109,3117.77,51419.73,30844.42,32762.5,30455.21,31.3345792462374,45595.5588,1455.11954833333,14.6244138599063,0.0683788088589014,0,"NewCa E","NCC (Outside Study Area)"
159,3172.85,28587.81,17147.12,18364.48,16863.26,32.7606227852019,42353.7901,1292.82615833333,13.3488157650062,0.0749130123303888,0,"NewCa E","NCC (Outside Study Area)"
5,3172.99,36369.65,20708.34,22792.62,20210.59,30.4186810413595,35279.5302,1159.79815666667,11.1187019814119,0.0899385559278224,0,"NewCa E","NCC (Outside Study Area)"
143,3241.4,49237.53,30359.18,32486.23,30061.43,31.445673970892,42389.1478,1348.01206166667,13.07741957179,0.0764676849672359,0,"NewCa W","NCC (Outside Study Area)"
1,3317.14,32746.47,17755.97,19754.48,17371,29.1116794333116,36499.3052,1253.76845,11.0032453257927,0.0908822779453895,0,"NewCa E","NCC (Outside Study Area)"
174,3388.76,46765.82,28497.5,31804.42,28123.74,27.074026813355,45663.2005,1686.605425,13.4748995207687,0.0742120561610656,0,"NewCa W","NCC (Outside Study Area)"
79,3753.32,44509.09,27063.89,28406.61,26912.02,30.9667119218363,45227.6752,1460.52559,12.0500450800891,0.0829872414047937,0,"NewCa E","NCC (Outside Study Area)"
61,4093.69,39498.83,23238.33,24370.92,23120.78,31.4044041606743,47088.6156,1499.42713,11.5027311789608,0.0869358750058475,0,"NewCa E","NCC (Outside Study Area)"
118,4363.59,47455.79,29037.28,30672.53,28968.94,33.4672558428565,42219.7898,1261.525295,9.67547129771587,0.103354138442442,0,"NewCa E","NCC (Outside Study Area)"
160,5107.76,32172.43,18111.65,19186.6,17874.59,29.1307849942819,64702.9228,2221.11840833333,12.6675730261406,0.0789417197703471,0,"NewCa E","NCC (Outside Study Area)"
169,6143.8,51288.34,30757.74,34164.27,30341.32,26.3504763721429,81345.0192,3087.04169333333,13.2401802141997,0.0755276728731782,0,"NewCa W","NCC (Outside Study Area)"
69,6881.91,48286.91,29184.61,30407.58,29137.89,32.6525338582405,73330.3904,2245.77947666667,10.6555288284793,0.0938479934780219,0,"NewCa E","NCC (Outside Study Area)"
329,3.88,1139.94,628.85,767.73,609.3,29.5080564234917,29.3075,0.993203333333333,7.5534793814433,0.132389320139896,1,"NewCa E","Study Area"
225,15.76,5698.36,3582.07,4238.34,3507.31,33.5914461032545,194.9694,5.80413833333333,12.371154822335,0.0808331974145686,1,"NewCa W","Study Area"
345,129.04,11970.68,7081.08,7933.26,6993.88,32.410048733809,1471.3952,45.3993516666667,11.4026286422815,0.0876990763596347,1,"NewCa W","Study Area"
224,136.37,19816.76,12679.66,13872.02,12561.4,34.7905516441274,1961.8584,56.3905516666667,14.3862902397888,0.069510623192785,1,"NewCa W","Study Area"
153,198.11,24847.47,16390.43,18512.17,16293.76,34.6443209629763,4095.1483,118.205471666667,20.6710832365857,0.048376758419225,1,"NewCa W","Study Area"
228,286.17,11375,6395.39,6994.19,6333.75,31.6634703015762,2939.6588,92.8407016666667,10.2724212880456,0.0973480323634838,1,"NewCa E","Study Area"
223,466.09,14048.02,7911.83,8733.63,7859.75,30.8198473197112,5789.9136,187.86315,12.4223081379133,0.0805003376907041,1,"NewCa W","Study Area"
155,529.06,32431.22,20381.62,22769.88,20232.43,31.9568443679326,7797.7162,244.007703333333,14.738812611046,0.0678480706953659,1,"NewCa W","Study Area"
150,627.08,33161.43,21225.86,22925.85,21282.4,34.5417884790542,8741.674,253.075315,13.9402851310838,0.0717345442074367,1,"NewCa E","Study Area"
237,692.25,33004.89,20784.73,23051.73,20555.11,30.2392612538132,9355.6316,309.38691,13.5148163235825,0.0739928664997882,1,"NewCa E","Study Area"
344,761.06,32580.19,20644.23,22181.76,20533.23,33.5747207434038,10243.8051,305.1047,13.4599178776969,0.0742946583394094,1,"NewCa W","Study Area"
229,978.71,18389.3,10636.7,11328.31,10515,32.0400784029128,12465.8246,389.069728333333,12.7369952284129,0.0785114528243884,1,"NewCa W","Study Area"
158,1117.84,39469.41,24779.39,27786.25,24498.46,30.7735401680025,18982.6303,616.849091666667,16.9815271416303,0.0588875188703433,1,"NewCa W","Study Area"
238,1121.35,26718.21,16288.05,17714.21,16284.81,31.3971167209991,12957.366,412.692863333333,11.5551487046863,0.0865415085133815,1,"NewCa E","Study Area"
226,1128.07,19125.4,11015.98,11779.7,10913.16,30.9583919763288,13614.0297,439.752481666667,12.068426338791,0.0828608446476358,1,"NewCa E","Study Area"
222,1448.84,24972.27,14981.63,15971.69,14790.29,31.3518069637382,18656.0485,595.054968333333,12.8765415780901,0.0776606042806975,1,"NewCa W","Study Area"
164,1532.56,39049.26,25044.86,26714.46,24818.43,33.7059740825411,20844.208,618.412865,13.6009082841781,0.0735245013866682,1,"NewCa E","Study Area"
142,1599.22,45013.73,28134.14,30120,27859.41,32.395175956117,23208.1657,716.408076666667,14.5121782493966,0.0689076431404486,1,"NewCa W","Study Area"
154,1913.77,41762.61,26505.47,28514.89,26382.5,33.1806520195838,27506.0921,828.979855,14.3727261374146,0.0695762230796864,1,"NewCa W","Study Area"
318,1964.31,41241.14,26698.22,27648.73,26600.14,33.7761818507991,25892.9654,766.604275,13.1817103206724,0.075862689717262,1,"NewCa W","Study Area"
149,2699.92,24851.62,14949.14,15453.09,14871.9,32.2130869690091,31411.2154,975.107273333333,11.634128196391,0.0859540124639685,1,"NewCa E","Study Area"
327,2956.28,41327.97,25806.23,28391.84,25428.11,29.6875210527202,39625.9864,1334.76912166667,13.4040031390802,0.0746045781714597,1,"NewCa W","Study Area"
152,3353.88,49409.13,31829.24,34075.47,31405.71,32.7529622023402,50032.9657,1527.585975,14.9179355552375,0.0670334039383158,1,"NewCa W","Study Area"
227,3819.8,24317.39,14514.67,15123.36,14411.08,31.7683781497524,45692.4189,1438.29876,11.9619924865176,0.0835981130340202,1,"NewCa E","Study Area"
151,13937.07,59437.06,39044.41,40023.69,38839.53,32.3104253084553,187978.5262,5817.89080166667,13.4876646382633,0.0741418197160012,1,"NewCa W","Study Area"
